platform,risk_flag,url,text_for_sentiment,sentiment_family
Instagram,unanswered_question,https://www.instagram.com/p/DRL11BkkT1X/,apa ada fasilitas sertifikat kak ?,neutral
Instagram,unanswered_question,https://www.instagram.com/p/DQnqXKQkp6I/,Tetap semangat,positive
Instagram,unanswered_question,https://www.instagram.com/p/DQnqXKQkp6I/,"Akhirnya semangat kolaborasi, tapi semoga tulus dan terbuka.",positive
Instagram,deforestation_criticism,https://www.instagram.com/p/DP0DNlbkjqm/,Selesaikan secepat nya timpang tindih sertifikat hak milik dgn kawasan hutan,neutral
Instagram,unanswered_question,https://www.instagram.com/p/DP0DNlbkjqm/,Salam Coll Tapak..sukses bu Kapus,positive
Instagram,conflict_land_tenure,https://www.instagram.com/p/DOsGpJXEVLL/,Kapan untuk Bengkalis Riau ?,neutral
Instagram,unanswered_question,https://www.instagram.com/p/DOsGpJXEVLL/,Kapan untuk Bengkalis Riau ?,neutral
Instagram,conflict_land_tenure,https://www.instagram.com/p/DOsGpJXEVLL/,Apakah pameran di lapangan banteng masih berlangsung?,neutral
Instagram,unanswered_question,https://www.instagram.com/p/DOsGpJXEVLL/,Apakah pameran di lapangan banteng masih berlangsung?,neutral
Instagram,unanswered_question,https://www.instagram.com/p/DNiOb_2RBW1/,Gmn cara klik link zoom ya kak?,neutral
Instagram,unanswered_question,https://www.instagram.com/p/DNiOb_2RBW1/,Maaf gimana caranya daftar,neutral
Instagram,conflict_land_tenure,https://www.instagram.com/p/DM7UqqPvdw6/,"Agro forestri, paru2 sehat, lahan subur bebas dari ancaman bencana",negative
Instagram,climate_impact_concern,https://www.instagram.com/p/DM7UqqPvdw6/,"Agro forestri, paru2 sehat, lahan subur bebas dari ancaman bencana",negative
Instagram,unanswered_question,https://www.instagram.com/p/DM7UqqPvdw6/,"Hutan hijau langit biru, gambut aman bernapas nyaman🌿🌲🌳",positive
Instagram,unanswered_question,https://www.instagram.com/p/DMZJ4AFvljI/,"Min, ga semua provinsi boleh ikut ya min..?",neutral
Instagram,unanswered_question,https://www.instagram.com/p/DL1eVMfx7vm/,Apakah ada sertifikat?,neutral
Instagram,unanswered_question,https://www.instagram.com/p/DLRlSNGv--j/,JUSTICE FOR JULIANA MARINS! 🇧🇷💔,neutral
Instagram,unanswered_question,https://www.instagram.com/p/DLRlSNGv--j/,DONT GO TO INDONESIA!!!,neutral
Instagram,unanswered_question,https://www.instagram.com/p/DLRlSNGv--j/,Assassins de merde!,neutral
Instagram,unanswered_question,https://www.instagram.com/p/DLRlSNGv--j/,Cadê a Juliana???,neutral
Instagram,unanswered_question,https://www.instagram.com/p/DLRlSNGv--j/,Cadê a Juliana?? Salvem a Juliana,neutral
Instagram,unanswered_question,https://www.instagram.com/p/DLRlSNGv--j/,Dpt e-sertifikat min ?,neutral
Instagram,unanswered_question,https://www.instagram.com/p/DKvmEAGP92_/,Salam Lestari🔥,positive
Instagram,unanswered_question,https://www.instagram.com/p/DKHDKfYPz5K/,Backsound nya pake jingle folu kak... Biar makin kece 😉,neutral
Instagram,unanswered_question,https://www.instagram.com/p/DKHDKfYPz5K/,Flyer acara kementerian🔥,neutral
YouTube,unanswered_question,https://www.youtube.com/watch?v=UZBbIeLsnMI,Hadir nyimak,positive
YouTube,unanswered_question,https://www.youtube.com/watch?v=UZBbIeLsnMI,LPHD Tampelas hadir dan menyimak,positive
YouTube,unanswered_question,https://www.youtube.com/watch?v=UZBbIeLsnMI,Hadir dan menyimak 🙏,positive
YouTube,unanswered_question,https://www.youtube.com/watch?v=UZBbIeLsnMI,"Di tempat kami hutan habiz d babat pembalakn liar pak,,airterjun objek wisata d tempat kami yg biasanya airnya besar sekr sudah kecil sekali karena penebang liar ...saya ingin sekali menghijaukan kembali hutan kami pak ,,mohon bantuannya pak ,,sebelum semua daerah kami d gunduli penebang liar 👏👏",positive
YouTube,unanswered_question,https://www.youtube.com/watch?v=UZBbIeLsnMI,Ada link materinya?,neutral
YouTube,unanswered_question,https://www.youtube.com/watch?v=UZBbIeLsnMI,Boleh minta Link materinya kak,neutral
YouTube,unanswered_question,https://www.youtube.com/watch?v=UZBbIeLsnMI,Raja ampat bgmn ya??,neutral
YouTube,unanswered_question,https://www.youtube.com/watch?v=UZBbIeLsnMI,"Malu2in minta video gratisan😂,dia aja bayar malah elu minta gratisan.. ngaca sono",neutral
YouTube,unanswered_question,https://www.youtube.com/watch?v=r8wyfC80JHk,Manfaatnya apa acara begini untuk masyarakat?,neutral
YouTube,unanswered_question,https://www.youtube.com/watch?v=r8wyfC80JHk,Nyawa manusia tidak lebih berharga dari pohon eh salah tanaman kelapa sawit,neutral
YouTube,climate_impact_concern,https://www.youtube.com/watch?v=r8wyfC80JHk,"Teori2 terus, carbon2 terus sdh brp th tdk kelar2, malah hasilnya banjir bandang sumatra. Hutan dibabat ugal2an. Yg penting aksi nyata, jgn seminar2 terus.",negative
YouTube,conflict_land_tenure,https://www.youtube.com/watch?v=VAWbmpRDDeM,Tujuan Sekolah dan Kuliah.....mencetak pegawai pns dan swasta....bukan mencetak pengusaha ..sekolah dan universitas..itu baik...tapi karena gak diterima jadi pns dan swasta...akhirnya lulusan sma dan kuliah....banyak buka usaha sendiri....dan persaingan sengit.........ada sampe yang gak makan.... Kritik bagi sekolah universitas..... Mengapa disekolah dan kuliah cuma diajari kejar nilai...dan pelajaran yang gak manfaat untuk bertahan hidup.... Mengapa kok siswa dan mahasiswa gak diajari mandiri hidup... Misal hasilkan pangan mandiri... Buat pakaian Buat rumah Dan transaksi barter.... Klo pangan dihasilkan orang lain Pakaian dihasilkan orang lain Rumah dihasilkan orang lain.... Kapan kita mandirinya????? seharusnya pelajaran hasilkan pangan mandiri buat pakaian buat rumah diajarkan disekolah dan universitas....sehingga siswa dan mahasiswa tau caranya.... Ketika orang orang yang hasilkan makanan dan api untuk memasak pakaian rumah tumbang karena krisis...kita ikut tumbang.... Klo negara krisis ekonomi....inflasi atau deflasi Klo perusahaan besar perusahaan pakaian tumbang.. Krisis energi tak terbarukan..... Bagaimana kita bisa siap???? Sebab kita tak bisa hasilkan api sendiri gak bisa hasilkan sumber pangan sendiri Gak bisa hasilkan Pakaian sendiri Gak bisa hasilkan Rumah sendiri....... Trus pengaruh krisis global inflasi deflasi kurs rupiah terhadap dollar... Kenaikan LPG Listrik BBM Kita kalah dengan suku asmat suku baduy suku dayak suku mentawai..... Mereka memang kuno......tapi mereka gak bergantung harga minyak dunia kurs rupiah terhadap dollar...inflasi deflasi .....tak takut kelangkaan BBM LPG nikel batubara......bisa bertahan tanpa listrik.... Karena mereka bisa hasilkan pangan mandiri dan api memasak mandiri....mandiri pangan.....transaksi barter...kehidupan sederhana.....minum ngambil dari sumur sederhana... Transportasi darat menggunakan kuda/keledai... Sekarang kita harus mandiri pangan....tiap kanan kiri jalan dari sabang sampai merauke ditanami berbagai macam pohon dan tanaman buah buahan ubi singkong porang sayur cabe tomat rempah2 kacang2an biji bijian....pohon kapas...untuk dibarter Warga +62 yang disekolah dan kuliah...harus tau cara hasilkan pangan mandiri ..ternak ayam burung puyuh pedaging dan petelur dilahan sempit..dan ternak ikan dan udang air tawar dilahan sempit....dikolam atau ember khusus budidaya...ternak kambing sapi dilahan luas..... Semuanya untuk dibarter dengan beras....dengan tetangga yang diajari menenun pakaian dari benang dan tanaman kapas yang ditanam disekitarnya.... Juga diajarkan cara buat rumah sederhana.... Supaya kita mandiri...... Gak tergantung kapitalis terus masalah pangan air pakaian rumah.....tapi produktif dalam masalah tadi.... Transportasi darat unta kuda keledai dikembangbiakkan dilestarikan padang rumput... Itu lebih baik dari motor dan mobil yang tergantung nikel solar bbm yang adalah energi tak terbarukan...yang banyak merusak alam dan lingkungan hidup Klo bisa sedunia jadi frutarian(pemakan buah2an) sekalian makan buah buahan saja...enak gak bergantung penanak nasi dan LPG...yang dari listrik dan gas energi tak terbarukan....tanam pohon dan tanaman buah buahan dibanyak tempat sebanyak2nya untuk dirawat dan dimakan dan dibarter dan akses pangan gratis.....di tiap kanan kiri jalan dari sabang sampai merauke... Minimal itu yang baik bagi alam lingkungan hidup dan generasi pelanjut kita cucu cicit dst......,negative
YouTube,deforestation_criticism,https://www.youtube.com/watch?v=VAWbmpRDDeM,Tujuan Sekolah dan Kuliah.....mencetak pegawai pns dan swasta....bukan mencetak pengusaha ..sekolah dan universitas..itu baik...tapi karena gak diterima jadi pns dan swasta...akhirnya lulusan sma dan kuliah....banyak buka usaha sendiri....dan persaingan sengit.........ada sampe yang gak makan.... Kritik bagi sekolah universitas..... Mengapa disekolah dan kuliah cuma diajari kejar nilai...dan pelajaran yang gak manfaat untuk bertahan hidup.... Mengapa kok siswa dan mahasiswa gak diajari mandiri hidup... Misal hasilkan pangan mandiri... Buat pakaian Buat rumah Dan transaksi barter.... Klo pangan dihasilkan orang lain Pakaian dihasilkan orang lain Rumah dihasilkan orang lain.... Kapan kita mandirinya????? seharusnya pelajaran hasilkan pangan mandiri buat pakaian buat rumah diajarkan disekolah dan universitas....sehingga siswa dan mahasiswa tau caranya.... Ketika orang orang yang hasilkan makanan dan api untuk memasak pakaian rumah tumbang karena krisis...kita ikut tumbang.... Klo negara krisis ekonomi....inflasi atau deflasi Klo perusahaan besar perusahaan pakaian tumbang.. Krisis energi tak terbarukan..... Bagaimana kita bisa siap???? Sebab kita tak bisa hasilkan api sendiri gak bisa hasilkan sumber pangan sendiri Gak bisa hasilkan Pakaian sendiri Gak bisa hasilkan Rumah sendiri....... Trus pengaruh krisis global inflasi deflasi kurs rupiah terhadap dollar... Kenaikan LPG Listrik BBM Kita kalah dengan suku asmat suku baduy suku dayak suku mentawai..... Mereka memang kuno......tapi mereka gak bergantung harga minyak dunia kurs rupiah terhadap dollar...inflasi deflasi .....tak takut kelangkaan BBM LPG nikel batubara......bisa bertahan tanpa listrik.... Karena mereka bisa hasilkan pangan mandiri dan api memasak mandiri....mandiri pangan.....transaksi barter...kehidupan sederhana.....minum ngambil dari sumur sederhana... Transportasi darat menggunakan kuda/keledai... Sekarang kita harus mandiri pangan....tiap kanan kiri jalan dari sabang sampai merauke ditanami berbagai macam pohon dan tanaman buah buahan ubi singkong porang sayur cabe tomat rempah2 kacang2an biji bijian....pohon kapas...untuk dibarter Warga +62 yang disekolah dan kuliah...harus tau cara hasilkan pangan mandiri ..ternak ayam burung puyuh pedaging dan petelur dilahan sempit..dan ternak ikan dan udang air tawar dilahan sempit....dikolam atau ember khusus budidaya...ternak kambing sapi dilahan luas..... Semuanya untuk dibarter dengan beras....dengan tetangga yang diajari menenun pakaian dari benang dan tanaman kapas yang ditanam disekitarnya.... Juga diajarkan cara buat rumah sederhana.... Supaya kita mandiri...... Gak tergantung kapitalis terus masalah pangan air pakaian rumah.....tapi produktif dalam masalah tadi.... Transportasi darat unta kuda keledai dikembangbiakkan dilestarikan padang rumput... Itu lebih baik dari motor dan mobil yang tergantung nikel solar bbm yang adalah energi tak terbarukan...yang banyak merusak alam dan lingkungan hidup Klo bisa sedunia jadi frutarian(pemakan buah2an) sekalian makan buah buahan saja...enak gak bergantung penanak nasi dan LPG...yang dari listrik dan gas energi tak terbarukan....tanam pohon dan tanaman buah buahan dibanyak tempat sebanyak2nya untuk dirawat dan dimakan dan dibarter dan akses pangan gratis.....di tiap kanan kiri jalan dari sabang sampai merauke... Minimal itu yang baik bagi alam lingkungan hidup dan generasi pelanjut kita cucu cicit dst......,negative
YouTube,unanswered_question,https://www.youtube.com/watch?v=VAWbmpRDDeM,Tujuan Sekolah dan Kuliah.....mencetak pegawai pns dan swasta....bukan mencetak pengusaha ..sekolah dan universitas..itu baik...tapi karena gak diterima jadi pns dan swasta...akhirnya lulusan sma dan kuliah....banyak buka usaha sendiri....dan persaingan sengit.........ada sampe yang gak makan.... Kritik bagi sekolah universitas..... Mengapa disekolah dan kuliah cuma diajari kejar nilai...dan pelajaran yang gak manfaat untuk bertahan hidup.... Mengapa kok siswa dan mahasiswa gak diajari mandiri hidup... Misal hasilkan pangan mandiri... Buat pakaian Buat rumah Dan transaksi barter.... Klo pangan dihasilkan orang lain Pakaian dihasilkan orang lain Rumah dihasilkan orang lain.... Kapan kita mandirinya????? seharusnya pelajaran hasilkan pangan mandiri buat pakaian buat rumah diajarkan disekolah dan universitas....sehingga siswa dan mahasiswa tau caranya.... Ketika orang orang yang hasilkan makanan dan api untuk memasak pakaian rumah tumbang karena krisis...kita ikut tumbang.... Klo negara krisis ekonomi....inflasi atau deflasi Klo perusahaan besar perusahaan pakaian tumbang.. Krisis energi tak terbarukan..... Bagaimana kita bisa siap???? Sebab kita tak bisa hasilkan api sendiri gak bisa hasilkan sumber pangan sendiri Gak bisa hasilkan Pakaian sendiri Gak bisa hasilkan Rumah sendiri....... Trus pengaruh krisis global inflasi deflasi kurs rupiah terhadap dollar... Kenaikan LPG Listrik BBM Kita kalah dengan suku asmat suku baduy suku dayak suku mentawai..... Mereka memang kuno......tapi mereka gak bergantung harga minyak dunia kurs rupiah terhadap dollar...inflasi deflasi .....tak takut kelangkaan BBM LPG nikel batubara......bisa bertahan tanpa listrik.... Karena mereka bisa hasilkan pangan mandiri dan api memasak mandiri....mandiri pangan.....transaksi barter...kehidupan sederhana.....minum ngambil dari sumur sederhana... Transportasi darat menggunakan kuda/keledai... Sekarang kita harus mandiri pangan....tiap kanan kiri jalan dari sabang sampai merauke ditanami berbagai macam pohon dan tanaman buah buahan ubi singkong porang sayur cabe tomat rempah2 kacang2an biji bijian....pohon kapas...untuk dibarter Warga +62 yang disekolah dan kuliah...harus tau cara hasilkan pangan mandiri ..ternak ayam burung puyuh pedaging dan petelur dilahan sempit..dan ternak ikan dan udang air tawar dilahan sempit....dikolam atau ember khusus budidaya...ternak kambing sapi dilahan luas..... Semuanya untuk dibarter dengan beras....dengan tetangga yang diajari menenun pakaian dari benang dan tanaman kapas yang ditanam disekitarnya.... Juga diajarkan cara buat rumah sederhana.... Supaya kita mandiri...... Gak tergantung kapitalis terus masalah pangan air pakaian rumah.....tapi produktif dalam masalah tadi.... Transportasi darat unta kuda keledai dikembangbiakkan dilestarikan padang rumput... Itu lebih baik dari motor dan mobil yang tergantung nikel solar bbm yang adalah energi tak terbarukan...yang banyak merusak alam dan lingkungan hidup Klo bisa sedunia jadi frutarian(pemakan buah2an) sekalian makan buah buahan saja...enak gak bergantung penanak nasi dan LPG...yang dari listrik dan gas energi tak terbarukan....tanam pohon dan tanaman buah buahan dibanyak tempat sebanyak2nya untuk dirawat dan dimakan dan dibarter dan akses pangan gratis.....di tiap kanan kiri jalan dari sabang sampai merauke... Minimal itu yang baik bagi alam lingkungan hidup dan generasi pelanjut kita cucu cicit dst......,negative
YouTube,deforestation_criticism,https://www.youtube.com/watch?v=VAWbmpRDDeM,Tolong di tata ulang seluruh kawasan hutan di lereng pegunungan yg beralih fungsi menjadi ladang di seluruh indonesia. Daratan bisa terbentuk menjadi gunung2 memakan jutaan hingga milyaran tahun dan bumi sebagai tempat tinggal MANUSIA justru di rusak..!,negative
YouTube,unanswered_question,https://www.youtube.com/watch?v=VAWbmpRDDeM,Sumatra gimana,neutral
YouTube,conflict_land_tenure,https://www.youtube.com/watch?v=VAWbmpRDDeM,......Tujuan Sekolah dan Kuliah.....mencetak pegawai pns dan swasta....bukan mencetak pengusaha ..sekolah dan universitas..itu baik...tapi karena gak diterima jadi pns dan swasta...akhirnya lulusan sma dan kuliah....banyak buka usaha sendiri....dan persaingan sengit.........ada sampe yang gak makan.... Kritik bagi sekolah universitas..... Mengapa disekolah dan kuliah cuma diajari kejar nilai...dan pelajaran yang gak manfaat untuk bertahan hidup.... Mengapa kok siswa dan mahasiswa gak diajari mandiri hidup... Misal hasilkan pangan mandiri... Buat pakaian Buat rumah Dan transaksi barter.... Klo pangan dihasilkan orang lain Pakaian dihasilkan orang lain Rumah dihasilkan orang lain.... Kapan kita mandirinya????? seharusnya pelajaran hasilkan pangan mandiri buat pakaian buat rumah diajarkan disekolah dan universitas....sehingga siswa dan mahasiswa tau caranya.... Ketika orang orang yang hasilkan makanan dan api untuk memasak pakaian rumah tumbang karena krisis...kita ikut tumbang.... Klo negara krisis ekonomi....inflasi atau deflasi Klo perusahaan besar perusahaan pakaian tumbang.. Krisis energi tak terbarukan..... Bagaimana kita bisa siap???? Sebab kita tak bisa hasilkan api sendiri gak bisa hasilkan sumber pangan sendiri Gak bisa hasilkan Pakaian sendiri Gak bisa hasilkan Rumah sendiri....... Trus pengaruh krisis global inflasi deflasi kurs rupiah terhadap dollar... Kenaikan LPG Listrik BBM Kita kalah dengan suku asmat suku baduy suku dayak suku mentawai..... Mereka memang kuno......tapi mereka gak bergantung harga minyak dunia kurs rupiah terhadap dollar...inflasi deflasi .....tak takut kelangkaan BBM LPG nikel batubara......bisa bertahan tanpa listrik.... Karena mereka bisa hasilkan pangan mandiri dan api memasak mandiri....mandiri pangan.....transaksi barter...kehidupan sederhana.....minum ngambil dari sumur sederhana... Transportasi darat menggunakan kuda/keledai... Sekarang kita harus mandiri pangan....tiap kanan kiri jalan dari sabang sampai merauke ditanami berbagai macam pohon dan tanaman buah buahan ubi singkong porang sayur cabe tomat rempah2 kacang2an biji bijian....pohon kapas...untuk dibarter Warga +62 yang disekolah dan kuliah...harus tau cara hasilkan pangan mandiri ..ternak ayam burung puyuh pedaging dan petelur dilahan sempit..dan ternak ikan dan udang air tawar dilahan sempit....dikolam atau ember khusus budidaya...ternak kambing sapi dilahan luas..... Semuanya untuk dibarter dengan beras....dengan tetangga yang diajari menenun pakaian dari benang dan tanaman kapas yang ditanam disekitarnya.... Juga diajarkan cara buat rumah sederhana.... Supaya kita mandiri...... Gak tergantung kapitalis terus masalah pangan air pakaian rumah.....tapi produktif dalam masalah tadi.... Transportasi darat unta kuda keledai dikembangbiakkan dilestarikan padang rumput... Itu lebih baik dari motor dan mobil yang tergantung nikel solar bbm yang adalah energi tak terbarukan...yang banyak merusak alam dan lingkungan hidup Klo bisa sedunia jadi frutarian(pemakan buah2an) sekalian makan buah buahan saja...enak gak bergantung penanak nasi dan LPG...yang dari listrik dan gas energi tak terbarukan....tanam pohon dan tanaman buah buahan dibanyak tempat sebanyak2nya untuk dirawat dan dimakan dan dibarter dan akses pangan gratis.....di tiap kanan kiri jalan dari sabang sampai merauke... Minimal itu yang baik bagi alam lingkungan hidup dan generasi pelanjut kita cucu cicit dst......,negative
YouTube,deforestation_criticism,https://www.youtube.com/watch?v=VAWbmpRDDeM,......Tujuan Sekolah dan Kuliah.....mencetak pegawai pns dan swasta....bukan mencetak pengusaha ..sekolah dan universitas..itu baik...tapi karena gak diterima jadi pns dan swasta...akhirnya lulusan sma dan kuliah....banyak buka usaha sendiri....dan persaingan sengit.........ada sampe yang gak makan.... Kritik bagi sekolah universitas..... Mengapa disekolah dan kuliah cuma diajari kejar nilai...dan pelajaran yang gak manfaat untuk bertahan hidup.... Mengapa kok siswa dan mahasiswa gak diajari mandiri hidup... Misal hasilkan pangan mandiri... Buat pakaian Buat rumah Dan transaksi barter.... Klo pangan dihasilkan orang lain Pakaian dihasilkan orang lain Rumah dihasilkan orang lain.... Kapan kita mandirinya????? seharusnya pelajaran hasilkan pangan mandiri buat pakaian buat rumah diajarkan disekolah dan universitas....sehingga siswa dan mahasiswa tau caranya.... Ketika orang orang yang hasilkan makanan dan api untuk memasak pakaian rumah tumbang karena krisis...kita ikut tumbang.... Klo negara krisis ekonomi....inflasi atau deflasi Klo perusahaan besar perusahaan pakaian tumbang.. Krisis energi tak terbarukan..... Bagaimana kita bisa siap???? Sebab kita tak bisa hasilkan api sendiri gak bisa hasilkan sumber pangan sendiri Gak bisa hasilkan Pakaian sendiri Gak bisa hasilkan Rumah sendiri....... Trus pengaruh krisis global inflasi deflasi kurs rupiah terhadap dollar... Kenaikan LPG Listrik BBM Kita kalah dengan suku asmat suku baduy suku dayak suku mentawai..... Mereka memang kuno......tapi mereka gak bergantung harga minyak dunia kurs rupiah terhadap dollar...inflasi deflasi .....tak takut kelangkaan BBM LPG nikel batubara......bisa bertahan tanpa listrik.... Karena mereka bisa hasilkan pangan mandiri dan api memasak mandiri....mandiri pangan.....transaksi barter...kehidupan sederhana.....minum ngambil dari sumur sederhana... Transportasi darat menggunakan kuda/keledai... Sekarang kita harus mandiri pangan....tiap kanan kiri jalan dari sabang sampai merauke ditanami berbagai macam pohon dan tanaman buah buahan ubi singkong porang sayur cabe tomat rempah2 kacang2an biji bijian....pohon kapas...untuk dibarter Warga +62 yang disekolah dan kuliah...harus tau cara hasilkan pangan mandiri ..ternak ayam burung puyuh pedaging dan petelur dilahan sempit..dan ternak ikan dan udang air tawar dilahan sempit....dikolam atau ember khusus budidaya...ternak kambing sapi dilahan luas..... Semuanya untuk dibarter dengan beras....dengan tetangga yang diajari menenun pakaian dari benang dan tanaman kapas yang ditanam disekitarnya.... Juga diajarkan cara buat rumah sederhana.... Supaya kita mandiri...... Gak tergantung kapitalis terus masalah pangan air pakaian rumah.....tapi produktif dalam masalah tadi.... Transportasi darat unta kuda keledai dikembangbiakkan dilestarikan padang rumput... Itu lebih baik dari motor dan mobil yang tergantung nikel solar bbm yang adalah energi tak terbarukan...yang banyak merusak alam dan lingkungan hidup Klo bisa sedunia jadi frutarian(pemakan buah2an) sekalian makan buah buahan saja...enak gak bergantung penanak nasi dan LPG...yang dari listrik dan gas energi tak terbarukan....tanam pohon dan tanaman buah buahan dibanyak tempat sebanyak2nya untuk dirawat dan dimakan dan dibarter dan akses pangan gratis.....di tiap kanan kiri jalan dari sabang sampai merauke... Minimal itu yang baik bagi alam lingkungan hidup dan generasi pelanjut kita cucu cicit dst......,negative
YouTube,unanswered_question,https://www.youtube.com/watch?v=VAWbmpRDDeM,......Tujuan Sekolah dan Kuliah.....mencetak pegawai pns dan swasta....bukan mencetak pengusaha ..sekolah dan universitas..itu baik...tapi karena gak diterima jadi pns dan swasta...akhirnya lulusan sma dan kuliah....banyak buka usaha sendiri....dan persaingan sengit.........ada sampe yang gak makan.... Kritik bagi sekolah universitas..... Mengapa disekolah dan kuliah cuma diajari kejar nilai...dan pelajaran yang gak manfaat untuk bertahan hidup.... Mengapa kok siswa dan mahasiswa gak diajari mandiri hidup... Misal hasilkan pangan mandiri... Buat pakaian Buat rumah Dan transaksi barter.... Klo pangan dihasilkan orang lain Pakaian dihasilkan orang lain Rumah dihasilkan orang lain.... Kapan kita mandirinya????? seharusnya pelajaran hasilkan pangan mandiri buat pakaian buat rumah diajarkan disekolah dan universitas....sehingga siswa dan mahasiswa tau caranya.... Ketika orang orang yang hasilkan makanan dan api untuk memasak pakaian rumah tumbang karena krisis...kita ikut tumbang.... Klo negara krisis ekonomi....inflasi atau deflasi Klo perusahaan besar perusahaan pakaian tumbang.. Krisis energi tak terbarukan..... Bagaimana kita bisa siap???? Sebab kita tak bisa hasilkan api sendiri gak bisa hasilkan sumber pangan sendiri Gak bisa hasilkan Pakaian sendiri Gak bisa hasilkan Rumah sendiri....... Trus pengaruh krisis global inflasi deflasi kurs rupiah terhadap dollar... Kenaikan LPG Listrik BBM Kita kalah dengan suku asmat suku baduy suku dayak suku mentawai..... Mereka memang kuno......tapi mereka gak bergantung harga minyak dunia kurs rupiah terhadap dollar...inflasi deflasi .....tak takut kelangkaan BBM LPG nikel batubara......bisa bertahan tanpa listrik.... Karena mereka bisa hasilkan pangan mandiri dan api memasak mandiri....mandiri pangan.....transaksi barter...kehidupan sederhana.....minum ngambil dari sumur sederhana... Transportasi darat menggunakan kuda/keledai... Sekarang kita harus mandiri pangan....tiap kanan kiri jalan dari sabang sampai merauke ditanami berbagai macam pohon dan tanaman buah buahan ubi singkong porang sayur cabe tomat rempah2 kacang2an biji bijian....pohon kapas...untuk dibarter Warga +62 yang disekolah dan kuliah...harus tau cara hasilkan pangan mandiri ..ternak ayam burung puyuh pedaging dan petelur dilahan sempit..dan ternak ikan dan udang air tawar dilahan sempit....dikolam atau ember khusus budidaya...ternak kambing sapi dilahan luas..... Semuanya untuk dibarter dengan beras....dengan tetangga yang diajari menenun pakaian dari benang dan tanaman kapas yang ditanam disekitarnya.... Juga diajarkan cara buat rumah sederhana.... Supaya kita mandiri...... Gak tergantung kapitalis terus masalah pangan air pakaian rumah.....tapi produktif dalam masalah tadi.... Transportasi darat unta kuda keledai dikembangbiakkan dilestarikan padang rumput... Itu lebih baik dari motor dan mobil yang tergantung nikel solar bbm yang adalah energi tak terbarukan...yang banyak merusak alam dan lingkungan hidup Klo bisa sedunia jadi frutarian(pemakan buah2an) sekalian makan buah buahan saja...enak gak bergantung penanak nasi dan LPG...yang dari listrik dan gas energi tak terbarukan....tanam pohon dan tanaman buah buahan dibanyak tempat sebanyak2nya untuk dirawat dan dimakan dan dibarter dan akses pangan gratis.....di tiap kanan kiri jalan dari sabang sampai merauke... Minimal itu yang baik bagi alam lingkungan hidup dan generasi pelanjut kita cucu cicit dst......,negative
YouTube,unanswered_question,https://www.youtube.com/watch?v=kVxbYKo2tGM,LHK Mana.?,neutral
YouTube,unanswered_question,https://www.youtube.com/watch?v=HOUSxPnuiJc,Kabupaten Karawang Hadir,positive
YouTube,unanswered_question,https://www.youtube.com/watch?v=xz5uL8mHqDQ,"telat hadir, terima kasih",positive
YouTube,unanswered_question,https://www.youtube.com/watch?v=xz5uL8mHqDQ,Boleh minta link absensi terputus Krn mati lampu.,neutral
YouTube,unanswered_question,https://www.youtube.com/watch?v=xz5uL8mHqDQ,boleh minta materinya kak?,neutral
YouTube,unanswered_question,https://www.youtube.com/watch?v=xz5uL8mHqDQ,ayesha dinas kehutanan hadir,positive
TikTok,deforestation_criticism,https://www.tiktok.com/@afni.z/video/7241168082918575366,ke kampung saya ke minas barat buk singgah,neutral
TikTok,deforestation_criticism,https://www.tiktok.com/@afni.z/video/7241168082918575366,ibu tolong donk carikan solusi buat kampung saya yang hutan bakaux di tebang dan di buat empang,positive
TikTok,conflict_land_tenure,https://www.tiktok.com/@afni.z/video/7241168082918575366,"izin bertanya,Bu di daerah kami khusus nya Bengkayang / Kalbar di kampung kami, banyak tanah pribadi di buat menjadi hutan lindung,",negative
TikTok,deforestation_criticism,https://www.tiktok.com/@afni.z/video/7241168082918575366,"izin bertanya,Bu di daerah kami khusus nya Bengkayang / Kalbar di kampung kami, banyak tanah pribadi di buat menjadi hutan lindung,",negative
TikTok,conflict_land_tenure,https://www.tiktok.com/@afni.z/video/7241168082918575366,izin taya bu. apa tanah perhutani yg sudah di tinggali masarakat puluhan tahun. bisa jadi tanah milik terimakasih,neutral
TikTok,deforestation_criticism,https://www.tiktok.com/@afni.z/video/7241168082918575366,izin taya bu. apa tanah perhutani yg sudah di tinggali masarakat puluhan tahun. bisa jadi tanah milik terimakasih,neutral
TikTok,unanswered_question,https://www.tiktok.com/@afni.z/video/7241168082918575366,izin taya bu. apa tanah perhutani yg sudah di tinggali masarakat puluhan tahun. bisa jadi tanah milik terimakasih,neutral
TikTok,conflict_land_tenure,https://www.tiktok.com/@afni.z/video/7241168082918575366,lebi baik tanah di berikan ke rkyat dr pada ke PT besar krna scra lgsg bisa mngurangi buru jd rkyt bisa mandiri,positive
TikTok,deforestation_criticism,https://www.tiktok.com/@afni.z/video/7241168082918575366,lebi baik tanah di berikan ke rkyat dr pada ke PT besar krna scra lgsg bisa mngurangi buru jd rkyt bisa mandiri,positive
TikTok,conflict_land_tenure,https://www.tiktok.com/@afni.z/video/7241168082918575366,bagaimana bu klo lahan kami bayar pajaknya tpi perusahaan yg ambil lahannya?,negative
TikTok,deforestation_criticism,https://www.tiktok.com/@afni.z/video/7241168082918575366,bagaimana bu klo lahan kami bayar pajaknya tpi perusahaan yg ambil lahannya?,negative
TikTok,unanswered_question,https://www.tiktok.com/@afni.z/video/7241168082918575366,bagaimana bu klo lahan kami bayar pajaknya tpi perusahaan yg ambil lahannya?,negative
TikTok,conflict_land_tenure,https://www.tiktok.com/@afni.z/video/7241168082918575366,"chek kalsel, kaltim, kalteng dan setanah borneo",neutral
TikTok,deforestation_criticism,https://www.tiktok.com/@afni.z/video/7241168082918575366,"chek kalsel, kaltim, kalteng dan setanah borneo",neutral
TikTok,deforestation_criticism,https://www.tiktok.com/@afni.z/video/7241168082918575366,"Ibu Afni IDOLAKUUUUU, org Siak untuk masyarakat SIAK.. 😍😍😍",positive
TikTok,deforestation_criticism,https://www.tiktok.com/@afni.z/video/7241168082918575366,makasih buk atas pencerahan nya sedikit demi sedikit saya mengerti aturan dan hukum tentang hutan,neutral
TikTok,deforestation_criticism,https://www.tiktok.com/@afni.z/video/7241168082918575366,"Dn yg mnciptkn konflik itu ada,siapa .....?? apkh rkyt jelata,pengusaha,negara,apa macan rimba....🙏🙏",neutral
TikTok,unanswered_question,https://www.tiktok.com/@afni.z/video/7241168082918575366,"Dn yg mnciptkn konflik itu ada,siapa .....?? apkh rkyt jelata,pengusaha,negara,apa macan rimba....🙏🙏",neutral
TikTok,deforestation_criticism,https://www.tiktok.com/@afni.z/video/7241168082918575366,ijin nanya buk. desa kami ikuti program tora. sudah di buat tapal batas. tp blm ada surat nya dari bplh,neutral
TikTok,unanswered_question,https://www.tiktok.com/@afni.z/video/7241168082918575366,ijin nanya buk. desa kami ikuti program tora. sudah di buat tapal batas. tp blm ada surat nya dari bplh,neutral
TikTok,deforestation_criticism,https://www.tiktok.com/@afni.z/video/7241168082918575366,"jaga kesehatan dan tetap semangat buk , salam dari kota Jambi ,",positive
TikTok,deforestation_criticism,https://www.tiktok.com/@afni.z/video/7241168082918575366,ibu pintar berkarya terus ibu,neutral
TikTok,conflict_land_tenure,https://www.tiktok.com/@afni.z/video/7241168082918575366,katanya kalo hti itu sudah beberapa dekade. harus ada peleasan lahan untuk masyarakat ya bu,neutral
TikTok,deforestation_criticism,https://www.tiktok.com/@afni.z/video/7241168082918575366,katanya kalo hti itu sudah beberapa dekade. harus ada peleasan lahan untuk masyarakat ya bu,neutral
TikTok,unanswered_question,https://www.tiktok.com/@afni.z/video/7241168082918575366,katanya kalo hti itu sudah beberapa dekade. harus ada peleasan lahan untuk masyarakat ya bu,neutral
TikTok,deforestation_criticism,https://www.tiktok.com/@afni.z/video/7241168082918575366,yok semangat buk,positive
TikTok,deforestation_criticism,https://www.tiktok.com/@afni.z/video/7241168082918575366,terimakasih atas edukasi nya smoga slalu membuka luas pengetahuan masyarakat,positive
TikTok,deforestation_criticism,https://www.tiktok.com/@afni.z/video/7241168082918575366,iya buk boleh mengajukan itu semua namun tak pernah tercapai hasil yang di inginkan sesuai harapan,neutral
TikTok,unanswered_question,https://www.tiktok.com/@afni.z/video/7241168082918575366,iya buk boleh mengajukan itu semua namun tak pernah tercapai hasil yang di inginkan sesuai harapan,neutral
TikTok,deforestation_criticism,https://www.tiktok.com/@afni.z/video/7241168082918575366,"ijin bertanya bu, klo utk kasus seperti di tntn dan tahura itu bagaimana bu?",neutral
TikTok,unanswered_question,https://www.tiktok.com/@afni.z/video/7241168082918575366,"ijin bertanya bu, klo utk kasus seperti di tntn dan tahura itu bagaimana bu?",neutral
TikTok,deforestation_criticism,https://www.tiktok.com/@afni.z/video/7241168082918575366,"satu sisi, mereka menetapkan hutan yg masih produktif menjadi apl, kemudian masuklah kebun melakukan IPK, setelah habis kayu, lalu di telantarkan...",neutral
TikTok,deforestation_criticism,https://www.tiktok.com/@afni.z/video/7241168082918575366,sehat selalu kakak🙏🙏🙏,neutral
TikTok,deforestation_criticism,https://www.tiktok.com/@afni.z/video/7241168082918575366,bangga sama Afni🥰🥰🥰,neutral
TikTok,deforestation_criticism,https://www.tiktok.com/@afni.z/video/7241168082918575366,"nyata ya hutan alam mngkin hbis. contoh ya baru"" ini di KC.mandau daera BKM Bru pmbukaan Htan alam kurang lbh 1.300htr.",neutral
TikTok,conflict_land_tenure,https://www.tiktok.com/@afni.z/video/7241168082918575366,hutan untuk perusahaan.,negative
TikTok,deforestation_criticism,https://www.tiktok.com/@afni.z/video/7241168082918575366,hutan untuk perusahaan.,negative
TikTok,deforestation_criticism,https://www.tiktok.com/@afni.z/video/7241168082918575366,benar buk..semangat bela masyarakat kcl buk..,positive
TikTok,deforestation_criticism,https://www.tiktok.com/@afni.z/video/7241168082918575366,Hidup rakyat Indonesia,neutral
TikTok,deforestation_criticism,https://www.tiktok.com/@afni.z/video/7241168082918575366,Boleh ajukan tp blm tentu di setujui,positive
TikTok,unanswered_question,https://www.tiktok.com/@afni.z/video/7241168082918575366,Boleh ajukan tp blm tentu di setujui,positive
TikTok,deforestation_criticism,https://www.tiktok.com/@afni.z/video/7241168082918575366,mandiangin hadir Buk..🙏,positive
TikTok,conflict_land_tenure,https://www.tiktok.com/@afni.z/video/7241168082918575366,bu' klo melakukan penambangan di hutan lindung apakah boleh,negative
TikTok,deforestation_criticism,https://www.tiktok.com/@afni.z/video/7241168082918575366,bu' klo melakukan penambangan di hutan lindung apakah boleh,negative
TikTok,unanswered_question,https://www.tiktok.com/@afni.z/video/7241168082918575366,bu' klo melakukan penambangan di hutan lindung apakah boleh,negative
TikTok,conflict_land_tenure,https://www.tiktok.com/@afni.z/video/7241168082918575366,kalau kebun msyarakat di jadikan hutan konservasi oleh perusahaan itu bagi mana ibu,neutral
TikTok,deforestation_criticism,https://www.tiktok.com/@afni.z/video/7241168082918575366,kalau kebun msyarakat di jadikan hutan konservasi oleh perusahaan itu bagi mana ibu,neutral
TikTok,deforestation_criticism,https://www.tiktok.com/@afni.z/video/7241168082918575366,saya salut sama ibuk ini sekali live donk buk,neutral
TikTok,deforestation_criticism,https://www.tiktok.com/@afni.z/video/7241168082918575366,bisa jadi pembicara di di kampung kami buk.,neutral
TikTok,deforestation_criticism,https://www.tiktok.com/@afni.z/video/7241168082918575366,perjuangkan nasib kampung kami buk kampung mandi angin,neutral
TikTok,deforestation_criticism,https://www.tiktok.com/@afni.z/video/7241168082918575366,salam buk.dari Rokan hulu,neutral
TikTok,conflict_land_tenure,https://www.tiktok.com/@afni.z/video/7241168082918575366,iya perusahaan lebih besar buk,negative
TikTok,deforestation_criticism,https://www.tiktok.com/@afni.z/video/7241168082918575366,iya perusahaan lebih besar buk,negative
TikTok,conflict_land_tenure,https://www.tiktok.com/@afni.z/video/7241168082918575366,selamatkan untuk anak cucu ketimbang perusahaan,negative
TikTok,deforestation_criticism,https://www.tiktok.com/@afni.z/video/7241168082918575366,selamatkan untuk anak cucu ketimbang perusahaan,negative
TikTok,deforestation_criticism,https://www.tiktok.com/@afni.z/video/7241168082918575366,"punten bu, ibu lsm kah dinas lingkungan",neutral
TikTok,deforestation_criticism,https://www.tiktok.com/@afni.z/video/7241168082918575366,"ijin nanya Bu, apakah ibu bertugas cuma di Siak saja. Tidak sampai ke kab. Kuansing kah.?",neutral
TikTok,unanswered_question,https://www.tiktok.com/@afni.z/video/7241168082918575366,"ijin nanya Bu, apakah ibu bertugas cuma di Siak saja. Tidak sampai ke kab. Kuansing kah.?",neutral
TikTok,deforestation_criticism,https://www.tiktok.com/@afni.z/video/7241168082918575366,banyakin informasi seperti ini untuk masyarakat Bu👏,neutral
TikTok,deforestation_criticism,https://www.tiktok.com/@afni.z/video/7241168082918575366,ingin sekali ketemu dengan ibuk.,neutral
TikTok,deforestation_criticism,https://www.tiktok.com/@afni.z/video/7241168082918575366,sekedar opini nyataken,neutral
TikTok,deforestation_criticism,https://www.tiktok.com/@afni.z/video/7241168082918575366,sehat n sukses selalu kk.,positive
TikTok,deforestation_criticism,https://www.tiktok.com/@afni.z/video/7241168082918575366,ngga ada kek gtu buk,neutral
TikTok,deforestation_criticism,https://www.tiktok.com/@afni.z/video/7241168082918575366,ekaliptus itu buk bukan akasia😅,neutral
TikTok,deforestation_criticism,https://www.tiktok.com/@afni.z/video/7241168082918575366,Tolong implementasinya buk.,neutral
TikTok,deforestation_criticism,https://www.tiktok.com/@afni.z/video/7241168082918575366,maunya pejabat2nya dan rakyat buat pabrik2 bersama dan berbagi,neutral
TikTok,deforestation_criticism,https://www.tiktok.com/@afni.z/video/7241168082918575366,kapan ke Pekanbaru kak.diskusi kita kak.saya dari Rohil kak,neutral
TikTok,unanswered_question,https://www.tiktok.com/@afni.z/video/7241168082918575366,kapan ke Pekanbaru kak.diskusi kita kak.saya dari Rohil kak,neutral
TikTok,deforestation_criticism,https://www.tiktok.com/@afni.z/video/7241168082918575366,di atas kalah terus desa2 itu buk sama pt.yg punya PT orang atas itu semua🥺,neutral
TikTok,deforestation_criticism,https://www.tiktok.com/@afni.z/video/7241168082918575366,mampir ke kampung kuala gasib buk 🙏🙏🙏,neutral
TikTok,deforestation_criticism,https://www.tiktok.com/@afni.z/video/7241168082918575366,kampung kami emank dikelilingi akasia buk,neutral
TikTok,deforestation_criticism,https://www.tiktok.com/@afni.z/video/7241168082918575366,semangat Bu salam sehat,positive
TikTok,conflict_land_tenure,https://www.tiktok.com/@afni.z/video/7241168082918575366,DAERAH KAMI APL DI TANAMI PERUSAHAAN AKKASIA bagai mna itu buk?,negative
TikTok,deforestation_criticism,https://www.tiktok.com/@afni.z/video/7241168082918575366,DAERAH KAMI APL DI TANAMI PERUSAHAAN AKKASIA bagai mna itu buk?,negative
TikTok,unanswered_question,https://www.tiktok.com/@afni.z/video/7241168082918575366,DAERAH KAMI APL DI TANAMI PERUSAHAAN AKKASIA bagai mna itu buk?,negative
TikTok,deforestation_criticism,https://www.tiktok.com/@afni.z/video/7241168082918575366,"itu bukan hutan buk,itu tanaman produksi.. yang namonyo hutan tidak seperti itu buk..🙏🙏",neutral
TikTok,conflict_land_tenure,https://www.tiktok.com/@afni.z/video/7241168082918575366,"mhn buk ,ibuk hadir ke Pulau Rupat,mari kita ke lapangan yg ada soal kawasan yg ibuk ungkap ini, beri peluang masyarakat Rupat agar ada penataan lahan",positive
TikTok,deforestation_criticism,https://www.tiktok.com/@afni.z/video/7241168082918575366,"mhn buk ,ibuk hadir ke Pulau Rupat,mari kita ke lapangan yg ada soal kawasan yg ibuk ungkap ini, beri peluang masyarakat Rupat agar ada penataan lahan",positive
TikTok,unanswered_question,https://www.tiktok.com/@afni.z/video/7241168082918575366,"mhn buk ,ibuk hadir ke Pulau Rupat,mari kita ke lapangan yg ada soal kawasan yg ibuk ungkap ini, beri peluang masyarakat Rupat agar ada penataan lahan",positive
TikTok,deforestation_criticism,https://www.tiktok.com/@afni.z/video/7241168082918575366,semangat perjuangan buk,positive
TikTok,deforestation_criticism,https://www.tiktok.com/@afni.z/video/7241168082918575366,"mantap buk trus bri edukasi , pentingkan msyarakat kcil",positive
TikTok,conflict_land_tenure,https://www.tiktok.com/@afni.z/video/7241168082918575366,buk sehat slalu. main lah buk ke barang gansall inhu. banyak lahan berkomplik...,neutral
TikTok,deforestation_criticism,https://www.tiktok.com/@afni.z/video/7241168082918575366,buk sehat slalu. main lah buk ke barang gansall inhu. banyak lahan berkomplik...,neutral
TikTok,deforestation_criticism,https://www.tiktok.com/@afni.z/video/7241168082918575366,kapan rencana mau mampir lagi ke Mandiangin?,neutral
TikTok,unanswered_question,https://www.tiktok.com/@afni.z/video/7241168082918575366,kapan rencana mau mampir lagi ke Mandiangin?,neutral
TikTok,conflict_land_tenure,https://www.tiktok.com/@afni.z/video/7241168082918575366,numpanv tanya kka 🙏 gmna aturanyabjika ada pertambangan di wilayah perkebunan. apakah ada 2 izin atau bagai mana?,negative
TikTok,deforestation_criticism,https://www.tiktok.com/@afni.z/video/7241168082918575366,numpanv tanya kka 🙏 gmna aturanyabjika ada pertambangan di wilayah perkebunan. apakah ada 2 izin atau bagai mana?,negative
TikTok,unanswered_question,https://www.tiktok.com/@afni.z/video/7241168082918575366,numpanv tanya kka 🙏 gmna aturanyabjika ada pertambangan di wilayah perkebunan. apakah ada 2 izin atau bagai mana?,negative
TikTok,conflict_land_tenure,https://www.tiktok.com/@afni.z/video/7241168082918575366,"izin buk,,, di Aceh Singkil,, belum ada keseimbangan, ke masyarakat,,,",negative
TikTok,deforestation_criticism,https://www.tiktok.com/@afni.z/video/7241168082918575366,"izin buk,,, di Aceh Singkil,, belum ada keseimbangan, ke masyarakat,,,",negative
TikTok,deforestation_criticism,https://www.tiktok.com/@afni.z/video/7241168082918575366,"kawasan pt. diamon gmna bu, disana masyarakat bnyk yg bertani sawit.",neutral
TikTok,deforestation_criticism,https://www.tiktok.com/@afni.z/video/7241168082918575366,kadang ngak sesuai ekspektasi,neutral
TikTok,deforestation_criticism,https://www.tiktok.com/@afni.z/video/7241168082918575366,"buk, kampung saya komplik kawasan dengan taman nasional, kampung kami sudah di klaim masuk dalam kawasan, ada solusi buk?",positive
TikTok,unanswered_question,https://www.tiktok.com/@afni.z/video/7241168082918575366,"buk, kampung saya komplik kawasan dengan taman nasional, kampung kami sudah di klaim masuk dalam kawasan, ada solusi buk?",positive
TikTok,deforestation_criticism,https://www.tiktok.com/@afni.z/video/7241168082918575366,tetap smangat buk trus beri penjelasan2 aturan yg ada di pemerintah agar masyarakat paham yg berkebun di wlyah kawasan hutan🥰,neutral
TikTok,deforestation_criticism,https://www.tiktok.com/@afni.z/video/7241168082918575366,Ir.Kehutanan sejati.,neutral
TikTok,deforestation_criticism,https://www.tiktok.com/@afni.z/video/7241168082918575366,di Kuansing banyak juga buk,neutral
TikTok,deforestation_criticism,https://www.tiktok.com/@afni.z/video/7241168082918575366,yess bu afni z,neutral
TikTok,deforestation_criticism,https://www.tiktok.com/@afni.z/video/7241168082918575366,bagaimana klu di bagi per KK 2 ha bu?,neutral
TikTok,unanswered_question,https://www.tiktok.com/@afni.z/video/7241168082918575366,bagaimana klu di bagi per KK 2 ha bu?,neutral
TikTok,deforestation_criticism,https://www.tiktok.com/@afni.z/video/7241168082918575366,food estate apa kabar nya bu,neutral
TikTok,unanswered_question,https://www.tiktok.com/@afni.z/video/7241168082918575366,food estate apa kabar nya bu,neutral
TikTok,deforestation_criticism,https://www.tiktok.com/@afni.z/video/7241168082918575366,itu di desa Mandiangin ya bu,neutral
TikTok,conflict_land_tenure,https://www.tiktok.com/@afni.z/video/7241168082918575366,bu bagaimana mendapatkan informasi terkait area KBK dan KBNK.saya punya lahan adem ayem aja. tapi skrg karena issuenya jd KBK karena ada tambang,negative
TikTok,deforestation_criticism,https://www.tiktok.com/@afni.z/video/7241168082918575366,bu bagaimana mendapatkan informasi terkait area KBK dan KBNK.saya punya lahan adem ayem aja. tapi skrg karena issuenya jd KBK karena ada tambang,negative
TikTok,unanswered_question,https://www.tiktok.com/@afni.z/video/7241168082918575366,bu bagaimana mendapatkan informasi terkait area KBK dan KBNK.saya punya lahan adem ayem aja. tapi skrg karena issuenya jd KBK karena ada tambang,negative
TikTok,deforestation_criticism,https://www.tiktok.com/@afni.z/video/7241168082918575366,😂😂😂😂 boleh tertawa dulu buk,neutral
TikTok,unanswered_question,https://www.tiktok.com/@afni.z/video/7241168082918575366,😂😂😂😂 boleh tertawa dulu buk,neutral
TikTok,deforestation_criticism,https://www.tiktok.com/@afni.z/video/7241168082918575366,"mantap bu smangat trus ,",positive
TikTok,deforestation_criticism,https://www.tiktok.com/@afni.z/video/7241168082918575366,kampung saya,neutral
TikTok,conflict_land_tenure,https://www.tiktok.com/@afni.z/video/7241168082918575366,di ajukan ke instansi mana y Bu utk pengolahan lahan nya...?,neutral
TikTok,deforestation_criticism,https://www.tiktok.com/@afni.z/video/7241168082918575366,di ajukan ke instansi mana y Bu utk pengolahan lahan nya...?,neutral
TikTok,unanswered_question,https://www.tiktok.com/@afni.z/video/7241168082918575366,di ajukan ke instansi mana y Bu utk pengolahan lahan nya...?,neutral
TikTok,deforestation_criticism,https://www.tiktok.com/@afni.z/video/7241168082918575366,prosedur pengajuan nyo mcm mn buk,neutral
TikTok,deforestation_criticism,https://www.tiktok.com/@afni.z/video/7241168082918575366,ngatasi pengangguran gmn buk,neutral
TikTok,deforestation_criticism,https://www.tiktok.com/@afni.z/video/7241168082918575366,gk percaya bagaimana dengan IKN,positive
TikTok,unanswered_question,https://www.tiktok.com/@afni.z/video/7241168082918575366,gk percaya bagaimana dengan IKN,positive
TikTok,conflict_land_tenure,https://www.tiktok.com/@afni.z/video/7241168082918575366,"bagi kami ,yang legalitas tanah menjadi lemah",neutral
TikTok,deforestation_criticism,https://www.tiktok.com/@afni.z/video/7241168082918575366,"bagi kami ,yang legalitas tanah menjadi lemah",neutral
TikTok,deforestation_criticism,https://www.tiktok.com/@afni.z/video/7241168082918575366,TNTN kabarnya..!,neutral
TikTok,deforestation_criticism,https://www.tiktok.com/@afni.z/video/7241168082918575366,mf semua yg ibuk sebut itu beber.tapi bagai mana yg awam.kalo ada g langsung turun ke pedesaan mungkin masyarakat saya yakin antusias tentang program,neutral
TikTok,deforestation_criticism,https://www.tiktok.com/@afni.z/video/7241168082918575366,ndacadalah itu bu.. 😂😂,neutral
TikTok,conflict_land_tenure,https://www.tiktok.com/@afni.z/video/7241168082918575366,"Bu mau naya untuk sekarang kalau didaerah Kalbar TORA masih berfokus pada pemukiman,Apakah untuk lahan garapan akan dilakukan program TORA juga bu ?",neutral
TikTok,deforestation_criticism,https://www.tiktok.com/@afni.z/video/7241168082918575366,"Bu mau naya untuk sekarang kalau didaerah Kalbar TORA masih berfokus pada pemukiman,Apakah untuk lahan garapan akan dilakukan program TORA juga bu ?",neutral
TikTok,unanswered_question,https://www.tiktok.com/@afni.z/video/7241168082918575366,"Bu mau naya untuk sekarang kalau didaerah Kalbar TORA masih berfokus pada pemukiman,Apakah untuk lahan garapan akan dilakukan program TORA juga bu ?",neutral
TikTok,deforestation_criticism,https://www.tiktok.com/@afni.z/video/7241168082918575366,kalimantan sdh di data kah bu,neutral
TikTok,deforestation_criticism,https://www.tiktok.com/@afni.z/video/7241168082918575366,itu bukan akasia buk tapi okaliptus....😁 dlu akasia tapi dah diganti....coba cek PT sRL dan SRL...di Padang lawas dan Paluta .,neutral
TikTok,deforestation_criticism,https://www.tiktok.com/@afni.z/video/7241168082918575366,Dikehutanan mana buk dinas nya,neutral
TikTok,deforestation_criticism,https://www.tiktok.com/@afni.z/video/7241168082918575366,melapor kemana bu kami kalah denyan uwang,neutral
TikTok,deforestation_criticism,https://www.tiktok.com/@afni.z/video/7241168082918575366,ah teori,neutral
TikTok,deforestation_criticism,https://www.tiktok.com/@afni.z/video/7241168082918575366,sehat selalu bu,neutral
TikTok,deforestation_criticism,https://www.tiktok.com/@afni.z/video/7241168082918575366,prusahaan itu gimna,neutral
TikTok,deforestation_criticism,https://www.tiktok.com/@afni.z/video/7241168082918575366,semangat berjuang bunda..,positive
TikTok,deforestation_criticism,https://www.tiktok.com/@afni.z/video/7241168082918575366,"Retorikanya bagus,,sdh latihan.",positive
TikTok,deforestation_criticism,https://www.tiktok.com/@afni.z/video/7241168082918575366,bamtu kami bu...tolong,neutral
TikTok,deforestation_criticism,https://www.tiktok.com/@afni.z/video/7241168082918575366,bagaimana dengan tesso nillo bu caleg?,neutral
TikTok,unanswered_question,https://www.tiktok.com/@afni.z/video/7241168082918575366,bagaimana dengan tesso nillo bu caleg?,neutral
TikTok,deforestation_criticism,https://www.tiktok.com/@afni.z/video/7241168082918575366,sy ke TNBBS y ampun prihatin hutannya🥺,neutral
TikTok,deforestation_criticism,https://www.tiktok.com/@afni.z/video/7241168082918575366,beda dgn fakta bu,neutral
TikTok,deforestation_criticism,https://www.tiktok.com/@afni.z/video/7241168082918575366,aku ikuti gerakan Bu...tapi halu juga,neutral
TikTok,deforestation_criticism,https://www.tiktok.com/@afni.z/video/7241168082918575366,atau csr,neutral
TikTok,deforestation_criticism,https://www.tiktok.com/@afni.z/video/7241168082918575366,Makasih kak 🙏🙏,neutral
TikTok,deforestation_criticism,https://www.tiktok.com/@afni.z/video/7241168082918575366,up up,neutral
TikTok,deforestation_criticism,https://www.tiktok.com/@afni.z/video/7241168082918575366,Jangan berat sebelah,neutral
TikTok,deforestation_criticism,https://www.tiktok.com/@afni.z/video/7241168082918575366,sesekali mampir di kampung kami temusai buk.....,neutral
TikTok,deforestation_criticism,https://www.tiktok.com/@afni.z/video/7241168082918575366,afni z z nya itu apasih..🤔🤔🤭🤭,neutral
TikTok,unanswered_question,https://www.tiktok.com/@afni.z/video/7241168082918575366,afni z z nya itu apasih..🤔🤔🤭🤭,neutral
TikTok,conflict_land_tenure,https://www.tiktok.com/@afni.z/video/7241168082918575366,"selamat pagi bu. ijin bertanya. kebetulan desa kami juga mengalami konflik demikian, dimana kawasan desa masuk dalam HGU perusahaan pengelola hakasia",negative
TikTok,deforestation_criticism,https://www.tiktok.com/@afni.z/video/7241168082918575366,"selamat pagi bu. ijin bertanya. kebetulan desa kami juga mengalami konflik demikian, dimana kawasan desa masuk dalam HGU perusahaan pengelola hakasia",negative
TikTok,deforestation_criticism,https://www.tiktok.com/@afni.z/video/7241168082918575366,jd nambah wawasan dgr konten ini..,neutral
TikTok,conflict_land_tenure,https://www.tiktok.com/@afni.z/video/7241168082918575366,bagaimana dengan wilayah pemukim warga masuk wilayah Hgu perusahaan sedangkan desa jauh duluan ada sebelum perusahaan,negative
TikTok,deforestation_criticism,https://www.tiktok.com/@afni.z/video/7241168082918575366,bagaimana dengan wilayah pemukim warga masuk wilayah Hgu perusahaan sedangkan desa jauh duluan ada sebelum perusahaan,negative
TikTok,unanswered_question,https://www.tiktok.com/@afni.z/video/7241168082918575366,bagaimana dengan wilayah pemukim warga masuk wilayah Hgu perusahaan sedangkan desa jauh duluan ada sebelum perusahaan,negative
TikTok,conflict_land_tenure,https://www.tiktok.com/@afni.z/video/7241168082918575366,"ijin bertanya bagaimana dengan izin pertambangan yang berada di areal hutan produksi terbatas, yang jelas suda kontradiksi dengan misi folu net sink,",negative
TikTok,deforestation_criticism,https://www.tiktok.com/@afni.z/video/7241168082918575366,"ijin bertanya bagaimana dengan izin pertambangan yang berada di areal hutan produksi terbatas, yang jelas suda kontradiksi dengan misi folu net sink,",negative
TikTok,unanswered_question,https://www.tiktok.com/@afni.z/video/7241168082918575366,"ijin bertanya bagaimana dengan izin pertambangan yang berada di areal hutan produksi terbatas, yang jelas suda kontradiksi dengan misi folu net sink,",negative
TikTok,deforestation_criticism,https://www.tiktok.com/@afni.z/video/7241168082918575366,kalau hgu bu?,neutral
TikTok,unanswered_question,https://www.tiktok.com/@afni.z/video/7241168082918575366,kalau hgu bu?,neutral
TikTok,deforestation_criticism,https://www.tiktok.com/@afni.z/video/7241168082918575366,"mantap buk, tp jgn smpe ditungangi cukong ya 😊",positive
TikTok,climate_impact_concern,https://www.tiktok.com/@kemenhut_ri/video/7594277825205751061,Pak tolong 😭🙏🏽,neutral
TikTok,unanswered_question,https://www.tiktok.com/@kemenhut_ri/video/7594277825205751061,Pak tolong 😭🙏🏽,neutral
TikTok,climate_impact_concern,https://www.tiktok.com/@kemenhut_ri/video/7594277825205751061,Min gmn kabarnya hutan borneo juga knpa smpek bersih gak ada pohon sm skli,neutral
TikTok,unanswered_question,https://www.tiktok.com/@kemenhut_ri/video/7594277825205751061,Min gmn kabarnya hutan borneo juga knpa smpek bersih gak ada pohon sm skli,neutral
TikTok,climate_impact_concern,https://www.tiktok.com/@kemenhut_ri/video/7594277825205751061,"tolong mason elephant park pak banyak gajah di exploitasi, gajah hamil ditunggangi, gajah kecil di tunggangi, luka luka gajah nya , untuk minum mereka susah,, tolong pak",neutral
TikTok,unanswered_question,https://www.tiktok.com/@kemenhut_ri/video/7594277825205751061,"tolong mason elephant park pak banyak gajah di exploitasi, gajah hamil ditunggangi, gajah kecil di tunggangi, luka luka gajah nya , untuk minum mereka susah,, tolong pak",neutral
TikTok,climate_impact_concern,https://www.tiktok.com/@kemenhut_ri/video/7594277825205751061,Save gajah Mason park!!!,neutral
TikTok,unanswered_question,https://www.tiktok.com/@kemenhut_ri/video/7594277825205751061,Save gajah Mason park!!!,neutral
TikTok,climate_impact_concern,https://www.tiktok.com/@kemenhut_ri/video/7594277825205751061,"min gajah di mason bali masih ditunggangi,tolong lah mna komitmen kalian😭😭😭masa pemerintahan kalah sma mason",neutral
TikTok,unanswered_question,https://www.tiktok.com/@kemenhut_ri/video/7594277825205751061,"min gajah di mason bali masih ditunggangi,tolong lah mna komitmen kalian😭😭😭masa pemerintahan kalah sma mason",neutral
TikTok,conflict_land_tenure,https://www.tiktok.com/@kemenhut_ri/video/7594277825205751061,"lahan bekas tambang daerah kaltim bnyk tu bhkn di biarkan bertahun"" itu sbnrnya tujuannya apa? hbis di keruk lalu di biarkn",negative
TikTok,climate_impact_concern,https://www.tiktok.com/@kemenhut_ri/video/7594277825205751061,"lahan bekas tambang daerah kaltim bnyk tu bhkn di biarkan bertahun"" itu sbnrnya tujuannya apa? hbis di keruk lalu di biarkn",negative
TikTok,unanswered_question,https://www.tiktok.com/@kemenhut_ri/video/7594277825205751061,"lahan bekas tambang daerah kaltim bnyk tu bhkn di biarkan bertahun"" itu sbnrnya tujuannya apa? hbis di keruk lalu di biarkn",negative
TikTok,climate_impact_concern,https://www.tiktok.com/@kemenhut_ri/video/7594277825205751061,gajah mason,neutral
TikTok,unanswered_question,https://www.tiktok.com/@kemenhut_ri/video/7594277825205751061,gajah mason,neutral
TikTok,climate_impact_concern,https://www.tiktok.com/@kemenhut_ri/video/7594277825205751061,akibat pemanasan global,neutral
TikTok,unanswered_question,https://www.tiktok.com/@kemenhut_ri/video/7594277825205751061,akibat pemanasan global,neutral
TikTok,climate_impact_concern,https://www.tiktok.com/@kemenhut_ri/video/7594277825205751061,"gimana, hutan aja udah jadi kebun sawit",neutral
TikTok,unanswered_question,https://www.tiktok.com/@kemenhut_ri/video/7594277825205751061,"gimana, hutan aja udah jadi kebun sawit",neutral
TikTok,climate_impact_concern,https://www.tiktok.com/@kemenhut_ri/video/7594277825205751061,"Tolong kroscek gajah di Mason park min, ini sudah sangat memperhatin kan",neutral
TikTok,unanswered_question,https://www.tiktok.com/@kemenhut_ri/video/7594277825205751061,"Tolong kroscek gajah di Mason park min, ini sudah sangat memperhatin kan",neutral
TikTok,climate_impact_concern,https://www.tiktok.com/@kemenhut_ri/video/7594277825205751061,Gajah di Mason tolong perhatiannya. satwa dilindungi bukan dieksploitasi demi uang,neutral
TikTok,unanswered_question,https://www.tiktok.com/@kemenhut_ri/video/7594277825205751061,Gajah di Mason tolong perhatiannya. satwa dilindungi bukan dieksploitasi demi uang,neutral
TikTok,climate_impact_concern,https://www.tiktok.com/@kemenhut_ri/video/7594277825205751061,pa tolong itu MASON ELEPHANT PARK ditindak pa,neutral
TikTok,unanswered_question,https://www.tiktok.com/@kemenhut_ri/video/7594277825205751061,pa tolong itu MASON ELEPHANT PARK ditindak pa,neutral
TikTok,climate_impact_concern,https://www.tiktok.com/@kemenhut_ri/video/7263382272806587653,berasa ges panas😁,neutral
TikTok,unanswered_question,https://www.tiktok.com/@kemenhut_ri/video/7263382272806587653,berasa ges panas😁,neutral
TikTok,conflict_land_tenure,https://www.tiktok.com/@kemenhut_ri/video/7263382272806587653,izin bertanya pak/bu.. apakah sdh ada peraturan terkait penanganan limbah alat medis yg rusak/patah/dsb? terimakasih 😊🙏,negative
TikTok,deforestation_criticism,https://www.tiktok.com/@kemenhut_ri/video/7263382272806587653,izin bertanya pak/bu.. apakah sdh ada peraturan terkait penanganan limbah alat medis yg rusak/patah/dsb? terimakasih 😊🙏,negative
TikTok,climate_impact_concern,https://www.tiktok.com/@kemenhut_ri/video/7263382272806587653,izin bertanya pak/bu.. apakah sdh ada peraturan terkait penanganan limbah alat medis yg rusak/patah/dsb? terimakasih 😊🙏,negative
TikTok,unanswered_question,https://www.tiktok.com/@kemenhut_ri/video/7263382272806587653,izin bertanya pak/bu.. apakah sdh ada peraturan terkait penanganan limbah alat medis yg rusak/patah/dsb? terimakasih 😊🙏,negative
TikTok,climate_impact_concern,https://www.tiktok.com/@kemenhut_ri/video/7263382272806587653,"Alhamdulillah, mantap penjelasannya kak 🌏",positive
TikTok,unanswered_question,https://www.tiktok.com/@kemenhut_ri/video/7263382272806587653,"Alhamdulillah, mantap penjelasannya kak 🌏",positive
TikTok,climate_impact_concern,https://www.tiktok.com/@kemenhut_ri/video/7263382272806587653,mengurangi usaha penebangan pohon yang tak terbatas dan tidak regenerasi pohon di hutan..itu juga menyebabkan naiknya pemanasan global..,neutral
TikTok,unanswered_question,https://www.tiktok.com/@kemenhut_ri/video/7263382272806587653,mengurangi usaha penebangan pohon yang tak terbatas dan tidak regenerasi pohon di hutan..itu juga menyebabkan naiknya pemanasan global..,neutral
TikTok,unanswered_question,https://www.tiktok.com/@kemenhut_ri/video/7594755168709725461,Tolong pak 🥹🙏🏽,neutral
TikTok,unanswered_question,https://www.tiktok.com/@kemenhut_ri/video/7594755168709725461,"tolong mason elephant park pak banyak gajah di exploitasi, gajah hamil ditunggangi, gajah kecil di tunggangi, luka luka gajah nya , untuk minum mereka susah,, tolong pak",neutral
TikTok,unanswered_question,https://www.tiktok.com/@kemenhut_ri/video/7594755168709725461,please pak buk beri peringatan pada Mason elephant Bali masih ada gajah tunggang.,neutral
TikTok,deforestation_criticism,https://www.tiktok.com/@kemenhut_ri/video/7594755168709725461,tolong bantu gajah gajah diIndonesia pls jangan tutup mata🥹 Juli Antoni #SAVETESSONILO #SAVEPLGSEBANGA #SAVEPLGSEBLAT #SAVEWAYKAMBAS #SAVEPLGMINASRIAU #SAVEHUTANKALIMANTAN #SAVEHUTANPAPUA #SAVEWILDLIFE #SAVEHUTANINDONESIA #STOPDEFORESTASI #KAMIBERSAMAPARASATWAINDONESIA,positive
TikTok,unanswered_question,https://www.tiktok.com/@kemenhut_ri/video/7594755168709725461,tolong bantu gajah gajah diIndonesia pls jangan tutup mata🥹 Juli Antoni #SAVETESSONILO #SAVEPLGSEBANGA #SAVEPLGSEBLAT #SAVEWAYKAMBAS #SAVEPLGMINASRIAU #SAVEHUTANKALIMANTAN #SAVEHUTANPAPUA #SAVEWILDLIFE #SAVEHUTANINDONESIA #STOPDEFORESTASI #KAMIBERSAMAPARASATWAINDONESIA,positive
TikTok,deforestation_criticism,https://www.tiktok.com/@kemenhut_ri/video/7594755168709725461,#SAVETESSONILO #SAVEPLGSEBANGA #SAVEPLGSEBLAT #SAVEWAYKAMBAS #SAVEPLGMINASRIAU #SAVEHUTANKALIMANTAN #SAVEHUTANPAPUA #SAVEWILDLIFE #SAVEHUTANINDONESIA #STOPDEFORESTASI #KAMIBERSAMAPARASATWAINDONESIA,neutral
TikTok,unanswered_question,https://www.tiktok.com/@kemenhut_ri/video/7594755168709725461,#SAVETESSONILO #SAVEPLGSEBANGA #SAVEPLGSEBLAT #SAVEWAYKAMBAS #SAVEPLGMINASRIAU #SAVEHUTANKALIMANTAN #SAVEHUTANPAPUA #SAVEWILDLIFE #SAVEHUTANINDONESIA #STOPDEFORESTASI #KAMIBERSAMAPARASATWAINDONESIA,neutral
TikTok,unanswered_question,https://www.tiktok.com/@kemenhut_ri/video/7594755168709725461,MIN KUDU NGADU KE SIAPA LAGI ADA GAJAH JADI TULANG PUNGGUNG MANUSIA DI BALI. DI PERLAKUKAN TIDAK BAIK!! TOLLNG DONG BANTU.,positive
TikTok,deforestation_criticism,https://www.tiktok.com/@kemenhut_ri/video/7594755168709725461,#SAVETESSONILO #SAVEPLGSEBANGA #SAVEPLGSEBLAT #SAVEWAYKAMBAS #SAVEPLGMINASRIAU #SAVEHUTANKALIMANTAN #SAVEHUTANPAPUA #SAVEWILDLIFE #SAVEHUTANINDONESIA #STOPDEFORESTASI #KAMIBERSAMAPARASATWAINDONESIA,neutral
TikTok,unanswered_question,https://www.tiktok.com/@kemenhut_ri/video/7594755168709725461,#SAVETESSONILO #SAVEPLGSEBANGA #SAVEPLGSEBLAT #SAVEWAYKAMBAS #SAVEPLGMINASRIAU #SAVEHUTANKALIMANTAN #SAVEHUTANPAPUA #SAVEWILDLIFE #SAVEHUTANINDONESIA #STOPDEFORESTASI #KAMIBERSAMAPARASATWAINDONESIA,neutral
TikTok,conflict_land_tenure,https://www.tiktok.com/@provpapuatengah/video/7615157668717628692,mantap kk yunita,positive
TikTok,unanswered_question,https://www.tiktok.com/@provpapuatengah/video/7615157668717628692,mantap kk yunita,positive
TikTok,conflict_land_tenure,https://www.tiktok.com/@provpapuatengah/video/7615157668717628692,Mantap tu sdra 👍,positive
TikTok,unanswered_question,https://www.tiktok.com/@provpapuatengah/video/7615157668717628692,Mantap tu sdra 👍,positive
TikTok,conflict_land_tenure,https://www.tiktok.com/@provpapuatengah/video/7615157668717628692,se7 kk,neutral
TikTok,unanswered_question,https://www.tiktok.com/@provpapuatengah/video/7615157668717628692,se7 kk,neutral
TikTok,conflict_land_tenure,https://www.tiktok.com/@provpapuatengah/video/7615157668717628692,jaga hutan apa yang Nabire barat saja penebangan hutan. hutan semakin rusak ya kaeee,neutral
TikTok,deforestation_criticism,https://www.tiktok.com/@provpapuatengah/video/7615157668717628692,jaga hutan apa yang Nabire barat saja penebangan hutan. hutan semakin rusak ya kaeee,neutral
TikTok,unanswered_question,https://www.tiktok.com/@provpapuatengah/video/7615157668717628692,jaga hutan apa yang Nabire barat saja penebangan hutan. hutan semakin rusak ya kaeee,neutral
TikTok,conflict_land_tenure,https://www.tiktok.com/@provpapuatengah/video/7615157668717628692,200 hektar yg ditanami kembali itu dmn ? klo bicara itu ksi bukti jgn kabualan besar..pk bicara jd perhatian dunia sgala..dunia mn lg ini.,neutral
TikTok,unanswered_question,https://www.tiktok.com/@provpapuatengah/video/7615157668717628692,200 hektar yg ditanami kembali itu dmn ? klo bicara itu ksi bukti jgn kabualan besar..pk bicara jd perhatian dunia sgala..dunia mn lg ini.,neutral
TikTok,conflict_land_tenure,https://www.tiktok.com/@provpapuatengah/video/7615157668717628692,kak jaga laut juga pantai sama sungai juga kasian banyak sekali sampah jadi,positive
TikTok,unanswered_question,https://www.tiktok.com/@provpapuatengah/video/7615157668717628692,kak jaga laut juga pantai sama sungai juga kasian banyak sekali sampah jadi,positive
TikTok,conflict_land_tenure,https://www.tiktok.com/@kemenhut_ri/video/7590232058442616084,Izin save video unt potongan video klip iklim,negative
TikTok,climate_impact_concern,https://www.tiktok.com/@kemenhut_ri/video/7590232058442616084,Izin save video unt potongan video klip iklim,negative
TikTok,climate_impact_concern,https://www.tiktok.com/@kemenhut_ri/video/7590232058442616084,"Hijau jangan SEMBARANG HIJAU, SAWIT JUGA HIJAU, EUKALIPTUS JUGA HIJAU, TAPI PAHAM KAN DAMPAK MASING2 AKAAR DAN DAUNNYA??",positive
TikTok,unanswered_question,https://www.tiktok.com/@kemenhut_ri/video/7590232058442616084,"Hijau jangan SEMBARANG HIJAU, SAWIT JUGA HIJAU, EUKALIPTUS JUGA HIJAU, TAPI PAHAM KAN DAMPAK MASING2 AKAAR DAN DAUNNYA??",positive
TikTok,climate_impact_concern,https://www.tiktok.com/@kemenhut_ri/video/7590232058442616084,"min, tolong jangan ada lg hutan yg ditebang 🙏",neutral
TikTok,conflict_land_tenure,https://www.tiktok.com/@kemenhut_ri/video/7590232058442616084,stop deforestasi ya Kemenhut ayo dong buat kebijakan yang berani memberikan solusi yang konkret apa tidak sakit sedih melihat para satwa liar yang seharusnya dilindungi oleh negara tapi akhirnya perlahan punah semuanya,positive
TikTok,deforestation_criticism,https://www.tiktok.com/@kemenhut_ri/video/7590232058442616084,stop deforestasi ya Kemenhut ayo dong buat kebijakan yang berani memberikan solusi yang konkret apa tidak sakit sedih melihat para satwa liar yang seharusnya dilindungi oleh negara tapi akhirnya perlahan punah semuanya,positive
TikTok,climate_impact_concern,https://www.tiktok.com/@kemenhut_ri/video/7590232058442616084,stop deforestasi ya Kemenhut ayo dong buat kebijakan yang berani memberikan solusi yang konkret apa tidak sakit sedih melihat para satwa liar yang seharusnya dilindungi oleh negara tapi akhirnya perlahan punah semuanya,positive
TikTok,unanswered_question,https://www.tiktok.com/@kemenhut_ri/video/7590232058442616084,stop deforestasi ya Kemenhut ayo dong buat kebijakan yang berani memberikan solusi yang konkret apa tidak sakit sedih melihat para satwa liar yang seharusnya dilindungi oleh negara tapi akhirnya perlahan punah semuanya,positive
TikTok,deforestation_criticism,https://www.tiktok.com/@kemenhut_ri/video/7590232058442616084,#SAVETESSONILO #SAVEPLGSEBANGA #SAVEPLGSEBLAT #SAVEWAYKAMBAS #SAVEPLGMINASRIAU #SAVEHUTANKALIMANTAN #SAVEHUTANPAPUA #SAVEWILDLIFE #SAVEHUTANINDONESIA #STOPDEFORESTASI #KAMIBERSAMAPARASATWAINDONESIA,neutral
TikTok,climate_impact_concern,https://www.tiktok.com/@kemenhut_ri/video/7590232058442616084,#SAVETESSONILO #SAVEPLGSEBANGA #SAVEPLGSEBLAT #SAVEWAYKAMBAS #SAVEPLGMINASRIAU #SAVEHUTANKALIMANTAN #SAVEHUTANPAPUA #SAVEWILDLIFE #SAVEHUTANINDONESIA #STOPDEFORESTASI #KAMIBERSAMAPARASATWAINDONESIA,neutral
TikTok,unanswered_question,https://www.tiktok.com/@kemenhut_ri/video/7590232058442616084,#SAVETESSONILO #SAVEPLGSEBANGA #SAVEPLGSEBLAT #SAVEWAYKAMBAS #SAVEPLGMINASRIAU #SAVEHUTANKALIMANTAN #SAVEHUTANPAPUA #SAVEWILDLIFE #SAVEHUTANINDONESIA #STOPDEFORESTASI #KAMIBERSAMAPARASATWAINDONESIA,neutral
TikTok,conflict_land_tenure,https://www.tiktok.com/@kemenhut_ri/video/7595875420482833685,Min gimana habitat gajah sekarang jadi pemnadangan sawit min mereka lagi di demo padahal bukan kesalahn mereka lohh mereka hanya ingin hidup bahagia damai sma seperti kita sabe tnwk save tntn,neutral
TikTok,unanswered_question,https://www.tiktok.com/@kemenhut_ri/video/7595875420482833685,Min gimana habitat gajah sekarang jadi pemnadangan sawit min mereka lagi di demo padahal bukan kesalahn mereka lohh mereka hanya ingin hidup bahagia damai sma seperti kita sabe tnwk save tntn,neutral
TikTok,conflict_land_tenure,https://www.tiktok.com/@kemenhut_ri/video/7595875420482833685,#SAVETESSONILO #SAVEPLGSEBANGA #SAVEPLGSEBLAT #SAVEWAYKAMBAS #SAVEPLGMINASRIAU #SAVEHUTANKALIMANTAN #SAVEHUTANPAPUA #SAVEWILDLIFE #SAVEHUTANINDONESIA #STOPDEFORESTASI #KAMIBERSAMAPARASATWAINDONESIA,neutral
TikTok,deforestation_criticism,https://www.tiktok.com/@kemenhut_ri/video/7595875420482833685,#SAVETESSONILO #SAVEPLGSEBANGA #SAVEPLGSEBLAT #SAVEWAYKAMBAS #SAVEPLGMINASRIAU #SAVEHUTANKALIMANTAN #SAVEHUTANPAPUA #SAVEWILDLIFE #SAVEHUTANINDONESIA #STOPDEFORESTASI #KAMIBERSAMAPARASATWAINDONESIA,neutral
TikTok,unanswered_question,https://www.tiktok.com/@kemenhut_ri/video/7595875420482833685,#SAVETESSONILO #SAVEPLGSEBANGA #SAVEPLGSEBLAT #SAVEWAYKAMBAS #SAVEPLGMINASRIAU #SAVEHUTANKALIMANTAN #SAVEHUTANPAPUA #SAVEWILDLIFE #SAVEHUTANINDONESIA #STOPDEFORESTASI #KAMIBERSAMAPARASATWAINDONESIA,neutral
TikTok,conflict_land_tenure,https://www.tiktok.com/@kemenhut_ri/video/7595875420482833685,Gimana min masih buta ada masalah di waykambas ? Tunjukin kalau emang di Indo jadi mentri terbaik dengan memakai akal yang sehat #savewaykambas,neutral
TikTok,unanswered_question,https://www.tiktok.com/@kemenhut_ri/video/7595875420482833685,Gimana min masih buta ada masalah di waykambas ? Tunjukin kalau emang di Indo jadi mentri terbaik dengan memakai akal yang sehat #savewaykambas,neutral
TikTok,conflict_land_tenure,https://www.tiktok.com/@kemenhut_ri/video/7595875420482833685,tolong bantu gajah' diIndonesia pls jangan tutup mata #SAVETESSONILO #SAVEPLGSEBANGA #SAVEPLGSEBLAT #SAVEWAYKAMBAS #SAVEPLGMINASRIAU #SAVEHUTANKALIMANTAN #SAVEHUTANPAPUA #SAVEWILDLIFE #SAVEHUTANINDONESIA #STOPDEFORESTASI #KAMIBERSAMAPARASATWAINDONESIA,positive
TikTok,deforestation_criticism,https://www.tiktok.com/@kemenhut_ri/video/7595875420482833685,tolong bantu gajah' diIndonesia pls jangan tutup mata #SAVETESSONILO #SAVEPLGSEBANGA #SAVEPLGSEBLAT #SAVEWAYKAMBAS #SAVEPLGMINASRIAU #SAVEHUTANKALIMANTAN #SAVEHUTANPAPUA #SAVEWILDLIFE #SAVEHUTANINDONESIA #STOPDEFORESTASI #KAMIBERSAMAPARASATWAINDONESIA,positive
TikTok,unanswered_question,https://www.tiktok.com/@kemenhut_ri/video/7595875420482833685,tolong bantu gajah' diIndonesia pls jangan tutup mata #SAVETESSONILO #SAVEPLGSEBANGA #SAVEPLGSEBLAT #SAVEWAYKAMBAS #SAVEPLGMINASRIAU #SAVEHUTANKALIMANTAN #SAVEHUTANPAPUA #SAVEWILDLIFE #SAVEHUTANINDONESIA #STOPDEFORESTASI #KAMIBERSAMAPARASATWAINDONESIA,positive
TikTok,conflict_land_tenure,https://www.tiktok.com/@kemenhut_ri/video/7595875420482833685,baca min kalo bisa jangan cuma dibaca komentar kami langsung tindak kelapangan soal elphant park Bali 🙏,neutral
TikTok,unanswered_question,https://www.tiktok.com/@kemenhut_ri/video/7595875420482833685,baca min kalo bisa jangan cuma dibaca komentar kami langsung tindak kelapangan soal elphant park Bali 🙏,neutral
TikTok,conflict_land_tenure,https://www.tiktok.com/@kemenhut_ri/video/7595875420482833685,#SAVETESSONILO #SAVEPLGSEBANGA #SAVEPLGSEBLAT #SAVEWAYKAMBAS #SAVEPLGMINASRIAU #SAVEHUTANKALIMANTAN #SAVEHUTANPAPUA #SAVEWILDLIFE #SAVEHUTANINDONESIA #STOPDEFORESTASI #KAMIBERSAMAPARASATWAINDONESIA,neutral
TikTok,deforestation_criticism,https://www.tiktok.com/@kemenhut_ri/video/7595875420482833685,#SAVETESSONILO #SAVEPLGSEBANGA #SAVEPLGSEBLAT #SAVEWAYKAMBAS #SAVEPLGMINASRIAU #SAVEHUTANKALIMANTAN #SAVEHUTANPAPUA #SAVEWILDLIFE #SAVEHUTANINDONESIA #STOPDEFORESTASI #KAMIBERSAMAPARASATWAINDONESIA,neutral
TikTok,unanswered_question,https://www.tiktok.com/@kemenhut_ri/video/7595875420482833685,#SAVETESSONILO #SAVEPLGSEBANGA #SAVEPLGSEBLAT #SAVEWAYKAMBAS #SAVEPLGMINASRIAU #SAVEHUTANKALIMANTAN #SAVEHUTANPAPUA #SAVEWILDLIFE #SAVEHUTANINDONESIA #STOPDEFORESTASI #KAMIBERSAMAPARASATWAINDONESIA,neutral
TikTok,conflict_land_tenure,https://www.tiktok.com/@kemenhut_ri/video/7595875420482833685,"Gajah di plg sebanga hampir habis, Kita gak tau lagi harus minta tolong ke siapa. Rumah mereka di rampas manusia2 tamak,, tolong selamatkan mereka🥺😢",positive
TikTok,unanswered_question,https://www.tiktok.com/@kemenhut_ri/video/7595875420482833685,"Gajah di plg sebanga hampir habis, Kita gak tau lagi harus minta tolong ke siapa. Rumah mereka di rampas manusia2 tamak,, tolong selamatkan mereka🥺😢",positive
TikTok,conflict_land_tenure,https://www.tiktok.com/@kemenhut_ri/video/7596931847225953557,Gajah di mason masih di tunggangi pak,neutral
TikTok,unanswered_question,https://www.tiktok.com/@kemenhut_ri/video/7596931847225953557,Gajah di mason masih di tunggangi pak,neutral
TikTok,conflict_land_tenure,https://www.tiktok.com/@kemenhut_ri/video/7596931847225953557,Salam Lestari,positive
TikTok,unanswered_question,https://www.tiktok.com/@kemenhut_ri/video/7596931847225953557,Salam Lestari,positive
TikTok,conflict_land_tenure,https://www.tiktok.com/@kemenhut_ri/video/7596931847225953557,#SAVEGAJAHMASON #SAVEGAJAHINDONESIA #SAVEHUTANINDONESIA #SAVESATWAINDONESIA #SAVEGAJAHDIBALIZOO #SAVEORANGHUTAN #SAVEBADAKKALIMANTAN,neutral
TikTok,unanswered_question,https://www.tiktok.com/@kemenhut_ri/video/7596931847225953557,#SAVEGAJAHMASON #SAVEGAJAHINDONESIA #SAVEHUTANINDONESIA #SAVESATWAINDONESIA #SAVEGAJAHDIBALIZOO #SAVEORANGHUTAN #SAVEBADAKKALIMANTAN,neutral
TikTok,conflict_land_tenure,https://www.tiktok.com/@kemenhut_ri/video/7596931847225953557,#SAVEGAJAHMASON #SAVEGAJAHINDONESIA #SAVEHUTANINDONESIA #SAVESATWAINDONESIA #SAVEGAJAHDIBALIZOO #SAVEORANGHUTAN #SAVEBADAKKALIMANTAN,neutral
TikTok,unanswered_question,https://www.tiktok.com/@kemenhut_ri/video/7596931847225953557,#SAVEGAJAHMASON #SAVEGAJAHINDONESIA #SAVEHUTANINDONESIA #SAVESATWAINDONESIA #SAVEGAJAHDIBALIZOO #SAVEORANGHUTAN #SAVEBADAKKALIMANTAN,neutral
TikTok,conflict_land_tenure,https://www.tiktok.com/@kemenhut_ri/video/7596931847225953557,#SAVETESSONILO #SAVEPLGSEBANGA #SAVEPLGSEBLAT #SAVEWAYKAMBAS #SAVEPLGMINASRIAU #SAVEHUTANKALIMANTAN #SAVEHUTANPAPUA #SAVEWILDLIFE #SAVEHUTANINDONESIA #STOPDEFORESTASI #KAMIBERSAMAPARASATWAINDONESIA,neutral
TikTok,deforestation_criticism,https://www.tiktok.com/@kemenhut_ri/video/7596931847225953557,#SAVETESSONILO #SAVEPLGSEBANGA #SAVEPLGSEBLAT #SAVEWAYKAMBAS #SAVEPLGMINASRIAU #SAVEHUTANKALIMANTAN #SAVEHUTANPAPUA #SAVEWILDLIFE #SAVEHUTANINDONESIA #STOPDEFORESTASI #KAMIBERSAMAPARASATWAINDONESIA,neutral
TikTok,unanswered_question,https://www.tiktok.com/@kemenhut_ri/video/7596931847225953557,#SAVETESSONILO #SAVEPLGSEBANGA #SAVEPLGSEBLAT #SAVEWAYKAMBAS #SAVEPLGMINASRIAU #SAVEHUTANKALIMANTAN #SAVEHUTANPAPUA #SAVEWILDLIFE #SAVEHUTANINDONESIA #STOPDEFORESTASI #KAMIBERSAMAPARASATWAINDONESIA,neutral
TikTok,conflict_land_tenure,https://www.tiktok.com/@kemenhut_ri/video/7596931847225953557,#SAVETESSONILO #SAVEPLGSEBANGA #SAVEPLGSEBLAT #SAVEWAYKAMBAS #SAVEPLGMINASRIAU #SAVEHUTANKALIMANTAN #SAVEHUTANPAPUA #SAVEWILDLIFE #SAVEHUTANINDONESIA #STOPDEFORESTASI #KAMIBERSAMAPARASATWAINDONESIA,neutral
TikTok,deforestation_criticism,https://www.tiktok.com/@kemenhut_ri/video/7596931847225953557,#SAVETESSONILO #SAVEPLGSEBANGA #SAVEPLGSEBLAT #SAVEWAYKAMBAS #SAVEPLGMINASRIAU #SAVEHUTANKALIMANTAN #SAVEHUTANPAPUA #SAVEWILDLIFE #SAVEHUTANINDONESIA #STOPDEFORESTASI #KAMIBERSAMAPARASATWAINDONESIA,neutral
TikTok,unanswered_question,https://www.tiktok.com/@kemenhut_ri/video/7596931847225953557,#SAVETESSONILO #SAVEPLGSEBANGA #SAVEPLGSEBLAT #SAVEWAYKAMBAS #SAVEPLGMINASRIAU #SAVEHUTANKALIMANTAN #SAVEHUTANPAPUA #SAVEWILDLIFE #SAVEHUTANINDONESIA #STOPDEFORESTASI #KAMIBERSAMAPARASATWAINDONESIA,neutral
TikTok,conflict_land_tenure,https://www.tiktok.com/@kemenhut_ri/video/7588521849152130325,sawit sawit hancurkan hutan INDONESIA,neutral
TikTok,unanswered_question,https://www.tiktok.com/@kemenhut_ri/video/7588521849152130325,sawit sawit hancurkan hutan INDONESIA,neutral
TikTok,conflict_land_tenure,https://www.tiktok.com/@kemenhut_ri/video/7588521849152130325,mantap keren min ❤️,positive
TikTok,unanswered_question,https://www.tiktok.com/@kemenhut_ri/video/7588521849152130325,mantap keren min ❤️,positive
TikTok,conflict_land_tenure,https://www.tiktok.com/@kemenhut_ri/video/7588521849152130325,#SAVETESSONILO #SAVEPLGSEBANGA #SAVEPLGSEBLAT #SAVEWAYKAMBAS #SAVEPLGMINASRIAU #SAVEHUTANKALIMANTAN #SAVEHUTANPAPUA #SAVEWILDLIFE #SAVEHUTANINDONESIA #STOPDEFORESTASI #KAMIBERSAMAPARASATWAINDONESIA,neutral
TikTok,deforestation_criticism,https://www.tiktok.com/@kemenhut_ri/video/7588521849152130325,#SAVETESSONILO #SAVEPLGSEBANGA #SAVEPLGSEBLAT #SAVEWAYKAMBAS #SAVEPLGMINASRIAU #SAVEHUTANKALIMANTAN #SAVEHUTANPAPUA #SAVEWILDLIFE #SAVEHUTANINDONESIA #STOPDEFORESTASI #KAMIBERSAMAPARASATWAINDONESIA,neutral
TikTok,unanswered_question,https://www.tiktok.com/@kemenhut_ri/video/7588521849152130325,#SAVETESSONILO #SAVEPLGSEBANGA #SAVEPLGSEBLAT #SAVEWAYKAMBAS #SAVEPLGMINASRIAU #SAVEHUTANKALIMANTAN #SAVEHUTANPAPUA #SAVEWILDLIFE #SAVEHUTANINDONESIA #STOPDEFORESTASI #KAMIBERSAMAPARASATWAINDONESIA,neutral
TikTok,deforestation_criticism,https://www.tiktok.com/@kemenhut_ri/video/7590699746059128084,#SAVETESSONILO #SAVEPLGSEBANGA #SAVEPLGSEBLAT #SAVEWAYKAMBAS #SAVEPLGMINASRIAU #SAVEHUTANKALIMANTAN #SAVEHUTANPAPUA #SAVEWILDLIFE #SAVEHUTANINDONESIA #STOPDEFORESTASI #KAMIBERSAMAPARASATWAINDONESIA,neutral
TikTok,unanswered_question,https://www.tiktok.com/@kemenhut_ri/video/7590699746059128084,#SAVETESSONILO #SAVEPLGSEBANGA #SAVEPLGSEBLAT #SAVEWAYKAMBAS #SAVEPLGMINASRIAU #SAVEHUTANKALIMANTAN #SAVEHUTANPAPUA #SAVEWILDLIFE #SAVEHUTANINDONESIA #STOPDEFORESTASI #KAMIBERSAMAPARASATWAINDONESIA,neutral
TikTok,conflict_land_tenure,https://www.tiktok.com/@tempo.co/video/7537236346063162641,"kadang2 Lucu pemerintah sdri yg ksh ijin pembukaan Lahan,Stop ijin penebangan Hutan/ pembukaaan lahan.",positive
TikTok,deforestation_criticism,https://www.tiktok.com/@tempo.co/video/7537236346063162641,"kadang2 Lucu pemerintah sdri yg ksh ijin pembukaan Lahan,Stop ijin penebangan Hutan/ pembukaaan lahan.",positive
TikTok,trust_greenwashing_risk,https://www.tiktok.com/@tempo.co/video/7537236346063162641,"kadang2 Lucu pemerintah sdri yg ksh ijin pembukaan Lahan,Stop ijin penebangan Hutan/ pembukaaan lahan.",positive
TikTok,unanswered_question,https://www.tiktok.com/@tempo.co/video/7537236346063162641,"kadang2 Lucu pemerintah sdri yg ksh ijin pembukaan Lahan,Stop ijin penebangan Hutan/ pembukaaan lahan.",positive
